itemCode,Abbrev,itemValue,itemValueEN
001,ด.ช.,เด็กชาย,Master
002,ด.ญ.,เด็กหญิง,Miss
003,นาย,นาย,Mr.
004,น.ส.,นางสาว,Miss
005,นาง,นาง,Mrs.
006,น.ช.ม.ล.,นักโทษชายหม่อมหลวง,
007,น.ช.,นักโทษชาย,
008,น.ญ.,นักโทษหญิง,
009,น.ช.จ.ส.อ.,นักโทษชายจ่าสิบเอก,
010,น.ช.จ.อ.,นักโทษชายจ่าเอก,
011,น.ช.พลฯ.,นักโทษชายพลทหาร,
012,น.ช.ร.ต.,นักโทษชายร้อยตรี,
099,พระเจ้าหลานเธอ พระองค์เจ้า,พระเจ้าหลานเธอ พระองค์เจ้า,
100,พระบาทสมเด็จพระเจ้าอยู่หัว,พระบาทสมเด็จพระเจ้าอยู่หัว,
101,สมเด็จพระนางเจ้า,สมเด็จพระนางเจ้า,
102,สมเด็จพระศรีนครินทราบรมราชชนนี,สมเด็จพระศรีนครินทราบรมราชชนนี,
103,พลโทสมเด็จพระบรมโอรสาธิราช,พลโทสมเด็จพระบรมโอรสาธิราช,
104,พลตรีสมเด็จพระเทพรัตนราชสุดา,พลตรีสมเด็จพระเทพรัตนราชสุดา,
105,พระเจ้าวรวงศ์เธอพระองค์หญิง,พระเจ้าวรวงศ์เธอพระองค์หญิง,
106,พระเจ้าวรวงศ์เธอ พระองค์เจ้า,พระเจ้าวรวงศ์เธอ พระองค์เจ้า,
107,สมเด็จพระราชชนนี,สมเด็จพระราชชนนี,
108,สมเด็จพระเจ้าพี่นางเธอเจ้าฟ้า,สมเด็จพระเจ้าพี่นางเธอเจ้าฟ้า,
109,สมเด็จพระ,สมเด็จพระ,
110,สมเด็จพระเจ้าลูกเธอ,สมเด็จพระเจ้าลูกเธอ,
111,สมเด็จพระเจ้าลูกยาเธอ,สมเด็จพระเจ้าลูกยาเธอ,
112,สมเด็จเจ้าฟ้า,สมเด็จเจ้าฟ้า,
113,พระเจ้าบรมวงศ์เธอ,พระเจ้าบรมวงศ์เธอ,
114,พระเจ้าวรวงศ์เธอ,พระเจ้าวรวงศ์เธอ,
115,พระเจ้าหลานเธอ,พระเจ้าหลานเธอ,
116,พระเจ้าหลานยาเธอ,พระเจ้าหลานยาเธอ,
117,พระวรวงศ์เธอ,พระวรวงศ์เธอ,
118,สมเด็จพระเจ้าภคินีเธอ,สมเด็จพระเจ้าภคินีเธอ,
119,พระองค์เจ้า,พระองค์เจ้า,
120,ม.จ.,หม่อมเจ้า,
121,ม.ร.ว.,หม่อมราชวงศ์,
122,ม.ล.,หม่อมหลวง,
123,พระยา,พระยา,
124,หลวง,หลวง,
125,ขุน,ขุน,
126,หมื่น,หมื่น,
127,เจ้าคุณ,เจ้าคุณ,
128,พระวรวงศ์เธอพระองค์เจ้า,พระวรวงศ์เธอพระองค์เจ้า,
129,คุณ,คุณ,
130,คุณหญิง,คุณหญิง,
131,ท่านผู้หญิง ม.ล.,ท่านผู้หญิงหม่อมหลวง,
132,ศจ.น.พ.,ศาสตราจารย์นายแพทย์,
133,พ.ญ.คุณหญิง,แพทย์หญิงคุณหญิง,
134,น.พ.,นายแพทย์,
135,พ.ญ.,แพทย์หญิง,
136,ท.พ.,ทัณตแพทย์,
137,ท.ญ.,ทัณตแพทย์หญิง,
138,สพ.,สัตวแพทย์,
139,สญ.,สัตวแพทย์หญิง,
140,ดร.,ดอกเตอร์,
141,ผศ.,ผู้ช่วยศาสตราจารย์,
142,รศ.,รองศาสตราจารย์,
143,ศจ.,ศาสตราจารย์,
144,ภก.,เภสัชกรชาย,
145,ภญ.,เภสัชกรหญิง,
146,หม่อม,หม่อม,
147,รองอำมาตย์เอก,รองอำมาตย์เอก,
148,ท้าว,ท้าว,
149,เจ้า,เจ้า,
150,ท่านผู้หญิง,ท่านผู้หญิง,
151,คุณพระ,คุณพระ,
152,ศจ.คุณหญิง,ศาสตราจารย์คุณหญิง,
153,ซิสเตอร์,ซิสเตอร์,
154,เจ้าชาย,เจ้าชาย,
155,เจ้าหญิง,เจ้าหญิง,
156,รองเสวกตรี,รองเสวกตรี,
157,เสด็จเจ้า,เสด็จเจ้า,
158,เอกอัครราชฑูต,เอกอัครราชฑูต,
159,พลสารวัตร,พลสารวัตร,
160,สมเด็จเจ้า,สมเด็จเจ้า,
161,เจ้าฟ้า,เจ้าฟ้า,
162,รองอำมาตย์ตรี,รองอำมาตย์ตรี,
163,ม.จ.หญิง,หม่อมเจ้าหญิง,
164,ทูลกระหม่อม,ทูลกระหม่อม,
165,ศ.ดร.,ศาสตราจารย์ดอกเตอร์,
166,เจ้านาง,เจ้านาง,
167,จ่าสำรอง,จ่าสำรอง,
200,พล.อ.,พลเอก,
201,ว่าที่ พล.อ.,ว่าที่พลเอก,
202,พล.ท.,พลโท,
204,พล.ต.,พลตรี,
205,ว่าที่ พล.ต.,ว่าที่พลตรี,
206,พ.อ.(พิเศษ),พันเอกพิเศษ,
207,ว่าที่ พ.อ.(พิเศษ),ว่าที่พันเอกพิเศษ,
208,พ.อ.,พันเอก,
209,ว่าที่ พ.อ.,ว่าที่พันเอก,
210,พ.ท.,พันโท,
211,ว่าที่ พ.ท.,ว่าที่พันโท,
212,พ.ต.,พันตรี,
213,ว่าที่ พ.ต.,ว่าที่พันตรี,
214,ร.อ.,ร้อยเอก,
215,ว่าที่ ร.อ.,ว่าที่ร้อยเอก,
216,ร.ท.,ร้อยโท,
217,ว่าที่ ร.ท.,ว่าที่ร้อยโท,
218,ร.ต.,ร้อยตรี,
219,ว่าที่ ร.ต.,ว่าที่ร้อยตรี,
220,จ.ส.อ.,จ่าสิบเอก,
221,จ.ส.ท.,จ่าสิบโท,
222,จ.ส.ต.,จ่าสิบตรี,
223,ส.อ.,สิบเอก,
224,ส.ท.,สิบโท,
225,ส.ต.,สิบตรี,
226,พลฯ,พลทหาร,
227,นนร.,นักเรียนนายร้อย,
228,นนส.,นักเรียนนายสิบ,
229,พล.จ.,พลจัตวา,
230,พลฯ อาสา,พลฯ อาสาสมัคร,
231,ร.อ.ม.จ.,ร้อยเอกหม่อมเจ้า,
232,พล.ท.ม.จ.,พลโทหม่อมเจ้า,
233,ร.ต.ม.จ.,ร้อยตรีหม่อมเจ้า,
234,ร.ท.ม.จ.,ร้อยโทหม่อมเจ้า,
235,พ.ท.ม.จ.,พันโทหม่อมเจ้า,
236,พ.อ.ม.จ.,พันเอกหม่อมเจ้า,
237,พ.ต.ม.ร.ว.,พันตรีหม่อมราชวงศ์,
238,พ.ท.ม.ร.ว.,พันโทหม่อมราชวงศ์,
239,ส.ต.ม.ร.ว.,สิบตรีหม่อมราชวงศ์,
240,พ.อ.ม.ร.ว.,พันเอกหม่อมราชวงศ์,
241,จ.ส.อ.ม.ร.ว.,จ่าสิบเอกหม่อมราชวงศ์,
242,ร.อ.ม.ร.ว.,ร้อยเอกหม่อมราชวงศ์,
243,ร.ต.ม.ร.ว.,ร้อยตรีหม่อมราชวงศ์,
244,ส.อ.ม.ร.ว.,สิบเอกหม่อมราชวงศ์,
245,ร.ท.ม.ร.ว.,ร้อยโทหม่อมราชวงศ์,
246,พ.อ.(พิเศษ)ม.ร.ว.,พันเอก(พิเศษ)หม่อมราชวงศ์,
247,พลฯม.ล.,พลฯหม่อมหลวง,
248,ร.อ.ม.ล.,ร้อยเอกหม่อมหลวง,
249,ส.ท.ม.ล.,สิบโทหม่อมหลวง,
250,พล.ท.ม.ล.,พลโทหม่อมหลวง,
251,ร.ท.ม.ล.,ร้อยโทหม่อมหลวง,
252,ร.ต.ม.ล.,ร้อยตรีหม่อมหลวง,
253,ส.อ.ม.ล.,สิบเอกหม่อมหลวง,
254,พล.ต.ม.ล.,พลตรีหม่อมหลวง,
255,พ.ต.ม.ล.,พันตรีหม่อมหลวง,
256,พ.อ.ม.ล.,พันเอกหม่อมหลวง,
257,พ.ท.ม.ล.,พันโทหม่อมหลวง,
258,จ.ส.ต.ม.ล.,จ่าสิบตรีหม่อมหลวง,
259,นนร.ม.ล.,นักเรียนนายร้อยหม่อมหลวง,
260,ว่าที่ร.ต.ม.ล.,ว่าที่ร้อยตรีหม่อมหลวง,
261,จ.ส.อ.ม.ล.,จ่าสิบเอกหม่อมหลวง,
262,ร.อ.น.พ.,ร้อยเอกนายแพทย์,
263,ร.อ.พ.ญ.,ร้อยเอกแพทย์หญิง,
264,ร.ท.น.พ.,ร้อยโทนายแพทย์,
265,พ.ต.น.พ.,พันตรีนายแพทย์,
266,ว่าที่ ร.ท.น.พ.,ว่าที่ร้อยโทนายแพทย์,
267,พ.อ.น.พ.,พันเอกนายแพทย์,
268,ร.ต.น.พ.,ร้อยตรีนายแพทย์,
269,ร.ท.พ.ญ.,ร้อยโทแพทย์หญิง,
270,พล.ต.น.พ.,พลตรีนายแพทย์,
271,พ.ท.น.พ.,พันโทนายแพทย์,
272,จอมพล,จอมพล,
273,พ.ท.หลวง,พันโทหลวง,
274,พ.ต.พระเจ้าวรวงศ์เธอพระองค์เจ้า,พันตรีพระเจ้าวรวงศ์เธอพระองค์เจ้า,
275,ศจ.พ.อ.,ศาสตราจารย์พันเอก,
276,พ.ต.หลวง,พันตรีหลวง,
277,พล.ท.หลวง,พลโทหลวง,
278,ร.ท.ดร.,ร้อยโทดอกเตอร์,
279,ร.อ.ดร.,ร้อยเอกดอกเตอร์,
280,ส.ห.,สารวัตรทหาร,
281,ร.ต.ดร.,ร้อยตรีดอกเตอร์,
282,พ.ต.คุณหญิง,พันตรีคุณหญิง,
283,จ.ส.ต.ม.ร.ว.,จ่าสิบตรีหม่อมราชวงศ์,
284,พล.จ.หลวง,พลจัตวาหลวง,
285,พล.ต.ม.ร.ว.,พลตรีหม่อมราชวงศ์,
286,พ.ต.พระเจ้าวรวงศ์เธอพระองค์,พันตรีพระเจ้าวรวงศ์เธอพระองค์,
287,ท่านผู้หญิง ม.ร.ว.,ท่านผู้หญิงหม่อมราชวงศ์,
288,ศจ.ร.อ.,ศาสตราจารย์ร้อยเอก,
289,พ.ท.คุณหญิง,พันโทคุณหญิง,
290,ร.ต.พ.ญ.,ร้อยตรีแพทย์หญิง,
291,พล.อ.มล.,พลเอกหม่อมหลวง,
292,ว่าที่ ร.ต.ม.ร.ว.,ว่าที่ร้อยตรีหม่อมราชวงศ์,
293,พ.อ.หญิง คุณหญิง,พันเอกหญิงคุณหญิง,
294,จ.ส.อ.พิเศษ,จ่าสิบเอกพิเศษ,
351,พล.ร.อ.,พลเรือเอก,
352,ว่าที่ พล.ร.อ.,ว่าที่พลเรือเอก,
353,พล.ร.ท.,พลเรือโท,
354,ว่าที่ พล.ร.ท.,ว่าที่พลเรือโท,
355,พล.ร.ต.,พลเรือตรี,
356,ว่าที่ พล.ร.ต.,ว่าที่พลเรือตรี,
357,น.อ.พิเศษ,นาวาเอกพิเศษ,
358,ว่าที่ น.อ.พิเศษ,ว่าที่นาวาเอกพิเศษ,
359,น.อ.,นาวาเอก,
360,ว่าที่ น.อ.,ว่าที่นาวาเอก,
361,น.ท.,นาวาโท,
362,ว่าที่ น.ท.,ว่าที่นาวาโท,
363,น.ต.,นาวาตรี,
364,ว่าที่ น.ต.,ว่าที่นาวาตรี,
365,ร.อ.,เรือเอก,
366,ว่าที่ ร.อ.,ว่าที่เรือเอก,
367,ร.ท.,เรือโท,
368,ว่าที่ ร.ท.,ว่าที่เรือโท,
369,ร.ต.,เรือตรี,
370,ว่าที่ ร.ต.,ว่าที่เรือตรี,
371,พ.จ.อ.,พันจ่าเอก,
372,พ.จ.ท.,พันจ่าโท,
373,พ.จ.ต.,พันจ่าตรี,
374,จ.อ.,จ่าเอก,
375,จ.ท.,จ่าโท,
376,จ.ต.,จ่าตรี,
377,พลฯ,พลฯทหารเรือ,
378,นนร.,นักเรียนนายเรือ,
379,นรจ.,นักเรียนจ่าทหารเรือ,
380,พล.ร.จ.,พลเรือจัตวา,
381,น.ท.ม.จ.,นาวาโทหม่อมเจ้า,
382,น.อ.ม.จ.,นาวาเอกหม่อมเจ้า,
383,น.ต.ม.จ.,นาวาตรีหม่อมเจ้า,
384,พล.ร.ต.ม.ร.ว.,พลเรือตรีหม่อมราชวงศ์,
385,น.อ.ม.ร.ว.,นาวาเอกหม่อมราชวงศ์,
386,น.ท.ม.ร.ว.,นาวาโทหม่อมราชวงศ์,
387,น.ต.ม.ร.ว.,นาวาตรีหม่อมราชวงศ์,
388,น.ท.ม.ล.,นาวาโทหม่อมหลวง,
389,น.ต.ม.ล.,นาวาตรีหม่อมหลวง,
390,พ.จ.อ.ม.ล.,พันจ่าเอกหม่อมหลวง,
391,น.ต.พ.ญ.,นาวาตรีแพทย์หญิง,
392,น.อ.หลวง,นาวาอากาศเอกหลวง,
393,พล.ร.ต.ม.จ.,พลเรือตรีหม่อมเจ้า,
395,น.ต.น.พ.,นาวาตรีนายแพทย์,
396,พล.ร.ต.ม.ล.,พลเรือตรีหม่อมหลวง,
500,พล.อ.อ.,พลอากาศเอก,
501,ว่าที่ พล.อ.อ.,ว่าที่พลอากาศเอก,
502,พล.อ.ท.,พลอากาศโท,
503,ว่าที่ พล.อ.ท.,ว่าที่พลอากาศโท,
504,พล.อ.ต.,พลอากาศตรี,
505,ว่าที่ พล.อ.ต.,ว่าที่พลอากาศตรี,
506,น.อ.พิเศษ,นาวาอากาศเอกพิเศษ,
507,ว่าที่ น.อ.พิเศษ,ว่าที่นาวาอากาศเอกพิเศษ,
508,น.อ.,นาวาอากาศเอก,
509,ว่าที่ น.อ.,ว่าที่นาวาอากาศเอก,
510,น.ท.,นาวาอากาศโท,
511,ว่าที่ น.ท.,ว่าที่นาวาอากาศโท,
512,น.ต.,นาวาอากาศตรี,
513,ว่าที่ น.ต.,ว่าที่นาวาอากาศตรี,
514,ร.อ.,เรืออากาศเอก,
515,ว่าที่ ร.อ.,ว่าที่เรืออากาศเอก,
516,ร.ท.,เรืออากาศโท,
517,ว่าที่ ร.ท.,ว่าที่เรืออากาศโท,
518,ร.ต.,เรืออากาศตรี,
519,ว่าที่ ร.ต.,ว่าที่เรืออากาศตรี,
520,พ.อ.อ.,พันจ่าอากาศเอก,
521,พ.อ.ท.,พันจ่าอากาศโท,
522,พ.อ.ต.,พันจ่าอากาศตรี,
523,จ.อ.,จ่าอากาศเอก,
524,จ.ท.,จ่าอากาศโท,
525,จ.ต.,จ่าอากาศตรี,
526,พลฯ,พลฯทหารอากาศ,
527,นนอ.,นักเรียนนายเรืออากาศ,
528,นจอ.,นักเรียนจ่าอากาศ,
529,น.พ.อ.,นักเรียนพยาบาลทหารอากาศ,
530,พ.อ.อ.ม.ร.ว.,พันอากาศเอกหม่อมราชวงศ์,
531,พล.อ.ต.ม.ร.ว.,พลอากาศตรีหม่อมราชวงศ์,
532,พล.อ.ท.ม.ล.,พลอากาศโทหม่อมหลวง,
533,ร.ท.ขุน,เรืออากาศโทขุน,
534,พ.อ.อ.ม.ล.,พันจ่าอากาศเอกหม่อมหลวง,
535,ร.อ.น.พ.,เรืออากาศเอกนายแพทย์,
536,พล.อ.อ.ม.ร.ว.,พลอากาศเอกหม่อมราชวงศ์,
537,พล.อ.ต.ม.ล.,พลอากาศตรีหม่อมหลวง,
538,พล.อ.จ.,พลอากาศจัตวา,
539,พล.อ.ท.ม.ร.ว.,พลอากาศโทหม่อมราชวงศ์,
540,น.อ.ม.ล.,นาวาอากาศเอกหม่อมหลวง,
606,พระครูพิบูลสมณธรรม,พระครูพิบูลสมณธรรม,
651,พล.ต.อ.,พลตำรวจเอก,
652,ว่าที่ พล.ต.อ.,ว่าที่พลตำรวจเอก,
653,พล.ต.ท.,พลตำรวจโท,
654,ว่าที่ พล.ต.ท.,ว่าที่พลตำรวจโท,
655,พล.ต.ต.,พลตำรวจตรี,
656,ว่าที่ พล.ต.ต.,ว่าที่พลตำรวจตรี,
657,พล.ต.จ.,พลตำรวจจัตวา,
658,ว่าที่พล.ต.จ.,ว่าที่พลตำรวจจัตวา,
659,พ.ต.อ. (พิเศษ),พันตำรวจเอก (พิเศษ),
660,ว่าที่ พ.ต.อ.พิเศษ,ว่าที่พันตำรวจเอก(พิเศษ),
661,พ.ต.อ.,พันตำรวจเอก,
662,ว่าที่ พ.ต.อ.,ว่าที่พันตำรวจเอก,
663,พ.ต.ท.,พันตำรวจโท,
664,ว่าที่ พ.ต.ท.,ว่าที่พันตำรวจโท,
665,พ.ต.ต.,พันตำรวจตรี,
666,ว่าที่ พ.ต.ต.,ว่าที่พันตำรวจตรี,
667,ร.ต.อ.,ร้อยตำรวจเอก,
668,ว่าที่ ร.ต.อ.,ว่าที่ร้อยตำรวจเอก,
669,ร.ต.ท.,ร้อยตำรวจโท,
670,ว่าที่ ร.ต.ท.,ว่าที่ร้อยตำรวจโท,
671,ร.ต.ต.,ร้อยตำรวจตรี,
672,ว่าที่ ร.ต.ต.,ว่าที่ร้อยตำรวจตรี,
673,ด.ต.,นายดาบตำรวจ,
674,จ.ส.ต.,จ่าสิบตำรวจ,
675,ส.ต.อ.,สิบตำรวจเอก,
676,ส.ต.ท.,สิบตำรวจโท,
677,ส.ต.ต.,สิบตำรวจตรี,
678,นรต.,นักเรียนนายร้อยตำรวจ,
679,นสต.,นักเรียนนายสิบตำรวจ,
680,นพต.,นักเรียนพลตำรวจ,
681,พลฯ,พลตำรวจ,
682,พลฯพิเศษ,พลตำรวจพิเศษ,
683,พลฯอาสา,พลตำรวจอาสาสมัคร,
684,พลฯสำรอง,พลตำรวจสำรอง,
685,พลฯสำรองพิเศษ,พลตำรวจสำรองพิเศษ,
686,พลฯสมัคร,พลตำรวจสมัคร,
687,อส.,สมาชิกอาสารักษาดินแดน,
688,ก.ญ.,นายกองใหญ่,
689,ก.อ.,นายกองเอก,
690,ก.ท.,นายกองโท,
691,ก.ต.,นายกองตรี,
692,มว.อ.,นายหมวดเอก,
693,มว.ท.,นายหมวดโท,
694,มว.ต.,นายหมวดตรี,
695,ม.ญ.,นายหมู่ใหญ่,
696,ม.อ.,นายหมู่เอก,
697,ม.ท.,นายหมู่โท,
698,ม.ต.,นายหมู่ตรี,
699,สมาชิกเอก,สมาชิกเอก,
700,สมาชิกโท,สมาชิกโท,
701,สมาชิกตรี,สมาชิกตรี,
702,อส.ทพ.,อาสาสมัครทหารพราน,
703,พ.ต.ท.ม.จ.,พันตำรวจโทหม่อมเจ้า,
704,พ.ต.อ.ม.จ.,พันตำรวจเอกหม่อมเจ้า,
705,นรต.ม.จ.,นักเรียนนายร้อยตำรวจหม่อมเจ้า,
706,พล.ต.ต.ม.ร.ว.,พลตำรวจตรีหม่อมราชวงศ์,
707,พ.ต.ต.ม.ร.ว.,พันตำรวจตรีหม่อมราชวงศ์,
708,พ.ต.ท.ม.ร.ว.,พันตำรวจโทหม่อมราชวงศ์,
709,พ.ต.อ.ม.ร.ว.,พันตำรวจเอกหม่อมราชวงศ์,
710,ร.ต.อ.ม.ร.ว.,ร้อยตำรวจเอกหม่อมราชวงศ์,
711,ส.ต.อ.ม.ล.,สิบตำรวจเอกหม่อมหลวง,
712,พ.ต.อ.ม.ล.,พันตำรวจเอกหม่อมหลวง,
713,พ.ต.ท.ม.ล.,พันตำรวจโทหม่อมหลวง,
714,นรต.ม.ล.,นักเรียนนายร้อยตำรวจหม่อมหลวง,
715,ร.ต.ท.ม.ล.,ร้อยตำรวจโทหม่อมหลวง,
716,ด.ต.ม.ล.,นายดาบตำรวจหม่อมหลวง,
717,พ.ต.ต.ม.ล.,พันตำรวจตรีหม่อมหลวง,
718,ศจ.น.พ.พ.ต.อ.,ศาสตราจารย์นายแพทย์พันตำรวจเอก,
719,พ.ต.ท.น.พ.,พันตำรวจโทนายแพทย์,
720,ร.ต.ท.น.พ.,ร้อยตำรวจโทนายแพทย์,
721,ร.ต.อ.น.พ.,ร้อยตำรวจเอกนายแพทย์,
722,พ.ต.ต.นพ.,พันตำรวจตรีนายแพทย์,
723,พ.ต.อ.น.พ.,พันตำรวจเอกนายแพทย์,
724,พ.ต.ต.หลวง,พันตำรวจตรีหลวง,
725,ร.ต.ท.ดร.,ร้อยตำรวจโทดอกเตอร์,
726,พ.ต.อ.ดร.,พันตำรวจเอกดอกเตอร์,
727,ร.ต.อ.ม.ล.,ร้อยตำรวจเอกหม่อมหลวง,
729,พ.ต.อ.หญิง ท่านผู้หญิง,พันตำรวจเอกหญิง ท่านผู้หญิง,
730,พล.ต.ต.ม.ล.,พลตำรวจตรีหม่อมหลวง,
731,พล.ต.หญิง คุณหญิง,พลตรีหญิง คุณหญิง,
732,ว่าที่ ส.อ.,ว่าที่สิบเอก,
733,พล.ต.อ.ดร.,พลตำรวจเอกดอกเตอร์,
800,สมเด็จพระสังฆราชเจ้า,สมเด็จพระสังฆราชเจ้า,
801,สมเด็จพระสังฆราช,สมเด็จพระสังฆราช,
802,สมเด็จพระราชาคณะ,สมเด็จพระราชาคณะ,
803,รองสมเด็จพระราชาคณะ,รองสมเด็จพระราชาคณะ,
804,พระราชาคณะ,พระราชาคณะ,
805,พระเปรียญธรรม,พระเปรียญธรรม,
806,พระหิรัญยบัฏ,พระหิรัญยบัฏ,
807,พระสัญญาบัตร,พระสัญญาบัตร,
808,พระราช,พระราช,
809,พระเทพ,พระเทพ,
810,พระปลัดขวา,พระปลัดขวา,
811,พระปลัดซ้าย,พระปลัดซ้าย,
812,พระครูปลัด,พระครูปลัด,
813,พระครูปลัดสุวัฒนญาณคุณ,พระครูปลัดสุวัฒนญาณคุณ,
814,พระครูปลัดอาจารย์วัฒน์,พระครูปลัดอาจารย์วัฒน์,
815,พระครูปลัดวิมลสิริวัฒน์,พระครูวิมลสิริวัฒน์,
816,พระสมุห์,พระสมุห์,
817,พระครูสมุห์,พระครูสมุห์,
818,พระครู,พระครู,
819,พระครูใบฎีกา,พระครูใบฎีกา,
820,พระครูธรรมธร,พระครูธรรมธร,
821,พระครูวิมลภาณ,พระครูวิมลภาณ,
822,พระครูศัพทมงคล,พระครูศัพทมงคล,
823,พระครูสังฆภารวิชัย,พระครูสังฆภารวิชัย,
824,พระครูสังฆรักษ์,พระครูสังฆรักษ์,
825,พระครูสังฆวิชัย,พระครูสังฆวิชัย,
826,พระครูสังฆวิชิต,พระครูสังฆวิชิต,
827,พระปิฎก,พระปิฎก,
828,พระปริยัติ,พระปริยัติ,
829,เจ้าอธิการ,เจ้าอธิการ,
830,พระอธิการ,พระอธิการ,
831,พระ,พระ,
832,ส.ณ.,สามเณร,
833,พระปลัด,พระปลัด,
834,สมเด็จพระอริยวงศาคตญาณ,สมเด็จพระอริยวงศาคตญาณ,
835,พระคาร์ดินัล,พระคาร์ดินัล,
836,พระสังฆราช,พระสังฆราช,
837,พระคุณเจ้า,พระคุณเจ้า,
838,บาทหลวง,บาทหลวง,
839,พระมหา,พระมหา,
840,พระราชปัญญา,พระราชปัญญา,
841,ภาราดา,ภาราดา,
842,พระศรีปริยัติธาดา,พระศรีปริยัติธาดา,
843,พระญาณโศภณ,พระญาณโศภณ,
844,สมเด็จพระมหาวีรวงศ์,สมเด็จพระมหาวีรวงศ์,
845,พระโสภณธรรมาภรณ์,พระโสภณธรรมาภรณ์,
846,พระวิริวัฒน์วิสุทธิ์,พระวิริวัฒน์วิสุทธิ์,
847,พระญาณ,พระญาณ,
848,พระอัครสังฆราช,พระอัครสังฆราช,
849,พระธรรม,พระธรรม,
850,พระสาสนโสภณ,พระสาสนโสภณ,
851,พระธรรมโสภณ,พระธรรมโสภณ,
852,พระอุดมสารโสภณ,พระอุดมสารโสภณ,
853,พระครูวิมลญาณโสภณ,พระครูวิมลญาณโสภณ,
854,พระครูปัญญาภรณโสภณ,พระครูปัญญาภรณโสภณ,
855,พระครูโสภณปริยัติคุณ,พระครูโสภณปริยัติคุณ,
856,พระอธิธรรม,พระอธิธรรม,
857,พระราชญาณ,พระราชญาณ,
858,พระสุธีวัชโรดม,พระสุธีวัชโรดม,
859,รองเจ้าอธิการ,รองเจ้าอธิการ,
860,พระครูวินัยธร,พระครูวินัยธร,
861,พระศรีวชิราภรณ์,พระศรีวชิราภรณ์,
862,พระราชบัณฑิต,พระราชบัณฑิต,
863,แม่ชี,แม่ชี,
864,นักบวช,นักบวช,
865,พระรัตน,พระรัตน,
866,พระโสภณปริยัติธรรม,พระโสภณปริยัติธรรม,
867,พระครูวิศาลปัญญาคุณ,พระครูวิศาลปัญญาคุณ,
868,พระศรีปริยัติโมลี,พระศรีปริยัติโมลี,
869,พระครูวัชรสีลาภรณ์,พระครูวัชรสีลาภรณ์,
870,พระครูพิพัฒน์บรรณกิจ,พระครูพิพัฒน์บรรณกิจ,
871,พระครูวิบูลธรรมกิจ,พระครูวิบูลธรรมกิจ,
872,พระครูพัฒนสารคุณ,พระครูพัฒนสารคุณ,
873,พระครูสุวรรณพัฒนคุณ,พระครูสุวรรณพัฒนคุณ,
874,พระครูพรหมวีรสุนทร,พระครูพรหมวีรสุนทร,
875,พระครูอุปถัมภ์นันทกิจ,พระครูอุปถัมภ์นันทกิจ,
876,พระครูวิจารณ์สังฆกิจ,พระครูวิจารณ์สังฆกิจ,
877,พระครูวิมลสารวิสุทธิ์,พระครูวิมลสารวิสุทธิ์,
878,พระครูไพศาลศุภกิจ,พระครูไพศาลศุภกิจ,
879,พระครูโอภาสธรรมพิมล,พระครูโอภาสธรรมพิมล,
880,พระครูพิพิธวรคุณ,พระครูพิพิธวรคุณ,
881,พระครูสุนทรปภากร,พระครูสุนทรปภากร,
882,พระครูสิริชัยสถิต,พระครูสิริชัยสถิต,
883,พระครูเกษมธรรมานันท์,พระครูเกษมธรรมานันท์,
884,พระครูถาวรสันติคุณ,พระครูถาวรสันติคุณ,
885,พระครูวิสุทธาจารวิมล,พระครูวิสุทธาจารวิมล,
886,พระครูปภัสสราธิคุณ,พระครูปภัสสราธิคุณ,
887,พระครูวรสังฆกิจ,พระครูวรสังฆกิจ,
888,พระครูไพบูลชัยสิทธิ์,พระครูไพบูลชัยสิทธิ์,
889,พระครูโกวิทธรรมโสภณ,พระครูโกวิทธรรมโสภณ,
890,พระครูสุพจน์วราภรณ์,พระครูสุพจน์วราภรณ์,
891,พระครูไพโรจน์อริญชัย,พระครูไพโรจน์อริญชัย,
892,พระครูสุนทรคณาภิรักษ์,พระครูสุนทรคณาภิรักษ์,
893,พระสรภาณโกศล,พระสรภาณโกศล,
894,พระครูประโชติธรรมรัตน์,พระครูประโชติธรรมรัตน์,
895,พระครูจารุธรรมกิตติ์,พระครูจารุธรรมกิตติ์,
896,พระครูพิทักษ์พรหมรังษี,พระครูพิทักษ์พรหมรังษี,
897,พระศรีปริยัติบัณฑิต,พระศรีปริยัติบัณฑิต,
898,พระครูพุทธิธรรมานุศาสน์,พระครูพุทธิธรรมานุศาสน์,
899,พระธรรมเมธาจารย์,พระธรรมเมธาจารย์,
900,พระครูกิตติกาญจนวงศ์,พระครูกิตติกาญจนวงศ์,
901,พระครูปลัดสัมพิพัฒนวิริยาจารย์,พระครูปลัดสัมพิพัฒนวิริยาจารย์,
902,พระครูศีลกันตาภรณ์,พระครูศีลกันตาภรณ์,
903,พระครูประกาศพุทธพากย์,พระครูประกาศพุทธพากย์,
904,พระครูอมรวิสุทธิคุณ,พระครูอมรวิสุทธิคุณ,
905,พระครูสุทัศน์ธรรมาภิรม,พระครูสุทัศน์ธรรมาภิรม,
906,พระครูอุปถัมภ์วชิโรภาส,พระครูอุปถัมภ์วชิโรภาส,
907,พระครูสุนทรสมณคุณ,พระครูสุนทรสมณคุณ,
908,พระพรหมมุนี,พระพรหมมุนี,
909,พระครูสิริคุณารักษ์,พระครูสิริคุณารักษ์,
910,พระครูวิชิตพัฒนคุณ,พระครูวิชิตพัฒนคุณ,
911,พระครูพิบูลโชติธรรม,พระครูพิบูลโชติธรรม,
912,พระพิศาลสารคุณ,พระพิศาลสารคุณ,
913,พระรัตนมงคลวิสุทธ์,พระรัตนมงคลวิสุทธ์,
914,พระครูโสภณคุณานุกูล,พระครูโสภณคุณานุกูล,
915,พระครูผาสุกวิหารการ,พระครูผาสุกวิหารการ,
916,พระครูวชิรวุฒิกร,พระครูวชิรวุฒิกร,
917,พระครูกาญจนยติกิจ,พระครูกาญจนยติกิจ,
918,พระครูบวรรัตนวงศ์,พระครูบวรรัตนวงศ์,
919,พระราชพัชราภรณ์,พระราชพัชราภรณ์,
920,พระครูพิพิธอุดมคุณ,พระครูพิพิธอุดมคุณ,
921,องสุตบทบวร,องสุตบทบวร,
922,พระครูจันทเขมคุณ,พระครูจันทเขมคุณ,
923,พระครูศีลสารวิสุทธิ์,พระครูศีลสารวิสุทธิ์,
924,พระครูสุธรรมโสภิต,พระครูสุธรรมโสภิต,
925,พระครูอุเทศธรรมนิวิฐ,พระครูอุเทศธรรมนิวิฐ,
926,พระครูบรรณวัตร,พระครูบรรณวัตร,
927,พระครูวิสุทธาจาร,พระครูวิสุทธาจาร,
928,พระครูสุนทรวรวัฒน์,พระครูสุนทรวรวัฒน์,
929,พระเทพชลธารมุนี ศรีชลบุราจารย์,พระเทพชลธารมุนี ศรีชลบุราจารย์,
930,พระครูโสภณสมุทรคุณ,พระครูโสภณสมุทรคุณ,
931,พระราชเมธาภรณ์,พระราชเมธาภรณ์,
932,พระครูศรัทธาธรรมโสภณ,พระครูศรัทธาธรรมโสภณ,
933,พระครูสังฆบริรักษ์,พระครูสังฆบริรักษ์,
934,พระมหานายก,พระมหานายก,
935,พระครูโอภาสสมาจาร,พระครูโอภาสสมาจาร,
936,พระครูศรีธวัชคุณาภรณ์,พระครูศรีธวัชคุณาภรณ์,
937,พระครูโสภิตวัชรกิจ,พระครูโสภิตวัชรกิจ,
938,พระราชวชิราภรณ์,พระราชวชิราภรณ์,
939,พระครูสุนทรวรธัช,พระครูสุนทรวรธัช,
940,พระครูอาทรโพธิกิจ,พระครูอาทรโพธิกิจ,
941,พระครูวิบูลกาญจนกิจ,พระครูวิบูลกาญจนกิจ,
942,พระพรหมวชิรญาณ,พระพรหมวชิรญาณ,
943,พระครูสุพจน์วรคุณ,พระครูสุพจน์วรคุณ,
944,พระราชวิมลโมลี,พระราชาวิมลโมลี,
945,พระครูอมรธรรมนายก,พระครูอมรธรรมนายก,
946,พระครูพิศิษฎ์ศาสนการ,พระครูพิศิษฎ์ศาสนการ,
947,พระครูเมธีธรรมานุยุต,พระครูเมธีธรรมานุยุต,
948,พระครูปิยสีลสาร,พระครูปิยสีลสาร,
949,พระครูสถิตบุญวัฒน์,พระครูสถิตบุญวัฒน์,
950,พระครูนิเทศปิยธรรม,พระครูนิเทศปิยธรรม,
951,พระครูวิสุทธิ์กิจจานุกูล,พระครูวิสุทธิ์กิจจานุกูล,
952,พระครูสถิตย์บุญวัฒน์,พระครูสถิตย์บุญวัฒน์,
953,พระครูประโชติธรรมานุกูล,พระครูประโชติธรรมานุกูล,
954,พระเทพญาณกวี,พระเทพญาณกวี,
955,พระครูพิพัฒน์ชินวงศ์,พระครูพิพัฒน์ชินวงศ์,
956,พระครูสมุทรขันตยาภรณ์,พระครูสมุทรขันตยาภรณ์,
957,พระครูภาวนาวรกิจ,พระครูภาวนาวรกิจ,
958,พระครูศรีศาสนคุณ,พระครูศรีศาสนคุณ,
959,พระครูวิบูลย์ธรรมศาสก์,พระครูวิบูลย์ธรรมศาสก์,
